description,category
keyboard purchase croma,technology
canteen salad,food
bought watches online,shopping
software cloud storage subscription,technology
iphone purchase samsung,technology
sonyliv subscription yearly,entertainment
zomato food delivery,food
holiday package singapore,travel
dth dues payment,utilities
airbnb stay bangalore,travel
bus ticket delhi,travel
vehicle oil change,transport
flight ticket hyderabad,travel
monthly gas cylinder charge,utilities
sale shopping clothes,shopping
idli restaurant,food
holiday package shimla,travel
unacademy subscription learning,education
tablet purchase reliance digital,technology
shimla trip travel,travel
books purchase amazon,shopping
steam gaming purchase,entertainment
cab goa outstation,travel
coaching class math,education
noodles street food,food
ordered biryani online,food
gifts delivery myntra,shopping
lunch canteen,food
movie ticket cinepolis,entertainment
bought tablet,technology
charger accessories,technology
bought meat fish,food
mobile postpaid dues payment,utilities
visa fee delhi,travel
electronics purchase ajio,shopping
tablet accessories,technology
sushi street food,food
home decor market,shopping
airbnb stay bangkok,travel
bus pass monthly,transport
visa fee mumbai,travel
pharmacy medicines,health
sale shopping sunglasses,shopping
bike servicing service center,transport
coaching course fee,education
earphones purchase reliance digital,technology
laser tag arena,entertainment
earphones repair service,technology
concert dj ticket,entertainment
concert stand up ticket,entertainment
clothes delivery nykaa,shopping
water dues payment,utilities
bus ticket bangalore,travel
accessories purchase ajio,shopping
swiggy order sushi,food
sunglasses delivery ajio,shopping
bought vitamins,health
discord subscription monthly,entertainment
spotify subscription monthly,entertainment
ordered home decor nykaa,shopping
dunzo order dosa,food
train booking bangkok,travel
hotel stay hyderabad,travel
hotel stay dubai,travel
bought milk eggs bread,food
internet bill payment,utilities
dinner dhaba,food
gadgets market,shopping
sushi restaurant,food
flight ticket manali,travel
smartphone purchase reliance digital,technology
zomato order sandwich,food
new pen drive order,technology
swiggy food delivery,food
cab manali outstation,travel
zomato order pasta,food
discord subscription yearly,entertainment
vehicle tyre change,transport
prepaid cable tv recharge,utilities
paid lpg bill,utilities
visa fee kerala,travel
sale shopping gifts,shopping
gadgets delivery amazon,shopping
pharmacy vitamins,health
hard disk purchase reliance digital,technology
rice street food,food
mouse purchase samsung,technology
clothes purchase snapdeal,shopping
wifi bill payment,utilities
tablet repair service,technology
urine medical test,health
clothes market,shopping
zomato order tacos,food
apollo doctor consultation,health
hospital checkup,health
bought medicines,health
uber eats order rice,food
charger upgrade,technology
semester university fee,education
canteen chicken,food
physiotherapy session,health
paid dth bill,utilities
noodles restaurant,food
eye checkup hospital,health
parking fee,transport
singapore trip travel,travel
new earphones order,technology
monthly metro pass,transport
meesho online shopping,shopping
vehicle repair,transport
bought home decor online,shopping
cable tv dues payment,utilities
sonyliv subscription monthly,entertainment
gadgets delivery myntra,shopping
lunch restaurant,food
bought phone,technology
ordered noodles online,food
zomato order dosa,food
new tablet order,technology
goa trip travel,travel
noodles takeaway,food
samsung tech purchase,technology
uber eats order salad,food
amazon online shopping,shopping
grocery blinkit,food
stationery study material,education
cab bangkok outstation,travel
ordered books myntra,shopping
bus ticket singapore,travel
breakfast cafe,food
escape room booking,entertainment
sale shopping home decor,shopping
bags delivery snapdeal,shopping
sonyliv subscription annual,entertainment
sale shopping shoes,shopping
airbnb stay manali,travel
notebooks study material,education
electronics delivery amazon,shopping
monthly broadband charge,utilities
home decor purchase myntra,shopping
fortis dentist visit,health
gifts purchase flipkart,shopping
bought ipad,technology
bags outlet,shopping
coaching tuition fee,education
airbnb stay goa,travel
bought fruits,food
uber cab ride,transport
bags store,shopping
spotify subscription annual,entertainment
flight ticket bangalore,travel
visa fee shimla,travel
bike servicing garage,transport
keyboard accessories,technology
rapido cab ride,transport
bought syrup,health
bus pass quarterly,transport
apple tv premium plan,entertainment
bought vegetables,food
eye checkup care,health
new iphone order,technology
ordered clothes amazon,shopping
pharmacy supplements,health
visa fee bangalore,travel
shoes delivery snapdeal,shopping
gadgets delivery nykaa,shopping
sale shopping gadgets,shopping
gifts purchase snapdeal,shopping
iphone repair service,technology
uber eats food delivery,food
paid electricity bill,utilities
school tuition fee,education
toys market,shopping
visa fee dubai,travel
airpods repair service,technology
canteen dosa,food
twitch subscription monthly,entertainment
concert music ticket,entertainment
bought hard disk,technology
zomato order salad,food
school course fee,education
breakfast restaurant,food
flight ticket dubai,travel
gadgets outlet,shopping
amazon prime premium plan,entertainment
zee5 subscription annual,entertainment
prepaid dth recharge,utilities
bike servicing workshop,transport
hotstar subscription annual,entertainment
zomato order noodles,food
cab bangalore outstation,travel
hotel stay singapore,travel
eye checkup clinic,health
shoes purchase amazon,shopping
airbnb stay delhi,travel
monthly water charge,utilities
cab kerala outstation,travel
bought toys online,shopping
shoes purchase myntra,shopping
airbnb stay kerala,travel
twitch subscription yearly,entertainment
broadband bill payment,utilities
amazon prime subscription yearly,entertainment
ordered home decor snapdeal,shopping
sunglasses purchase meesho,shopping
ordered toys nykaa,shopping
myntra online shopping,shopping
theme park entry,entertainment
coaching class coding,education
semester institute fee,education
earphones accessories,technology
london trip travel,travel
pharmacy syrup,health
monthly transit pass,transport
lunch hotel,food
semester school fee,education
canteen biryani,food
router repair service,technology
semester college fee,education
swiggy order sandwich,food
flight ticket singapore,travel
idli street food,food
uber bike taxi,transport
ordered sunglasses ajio,shopping
hard disk upgrade,technology
pen drive repair service,technology
gifts purchase myntra,shopping
airpods upgrade,technology
holiday package manali,travel
amazon prime subscription monthly,entertainment
new phone order,technology
discord subscription annual,entertainment
online game xbox,entertainment
local bus commute,transport
grocery supermarket,food
home decor purchase snapdeal,shopping
hotel stay delhi,travel
tablet purchase croma,technology
tacos restaurant,food
apple tv subscription annual,entertainment
train ticket irctc,transport
auto rickshaw fare,transport
bought tablets,health
charger purchase samsung,technology
canteen pasta,food
pasta restaurant,food
bus ticket mumbai,travel
holiday package kerala,travel
club entry fee,entertainment
monitor accessories,technology
phone repair service,technology
books mall,shopping
hospital dentist visit,health
meru cab ride,transport
metro card recharge,transport
canteen burger,food
hotstar subscription yearly,entertainment
burger takeaway,food
rapido bike taxi,transport
twitch premium plan,entertainment
hard disk accessories,technology
toys mall,shopping
broadband dues payment,utilities
bought cooking oil,food
watches store,shopping
hotel stay bangkok,travel
tablet upgrade,technology
sale shopping bags,shopping
bus ticket dubai,travel
ipad purchase samsung,technology
mouse upgrade,technology
watches delivery snapdeal,shopping
visa fee bangkok,travel
airbnb stay singapore,travel
breakfast dhaba,food
vodafone recharge,utilities
zomato order rice,food
monthly mobile postpaid charge,utilities
gifts purchase ajio,shopping
phone purchase samsung,technology
ordered accessories nykaa,shopping
toys purchase flipkart,shopping
netflix subscription yearly,entertainment
prepaid mobile postpaid recharge,utilities
clothes delivery flipkart,shopping
smartphone purchase amazon,technology
flight ticket kerala,travel
blood test pathology,health
paid mobile postpaid bill,utilities
cab to office,transport
ordered dosa online,food
zee5 premium plan,entertainment
linkedin learning subscription learning,education
flight ticket goa,travel
ordered sunglasses amazon,shopping
lpg dues payment,utilities
unacademy certificate course,education
clinic dentist visit,health
sushi takeaway,food
phone upgrade,technology
hospital doctor consultation,health
clothes purchase amazon,shopping
grocery zepto,food
sandwich takeaway,food
workshop training fee,education
coaching class design,education
ordered clothes ajio,shopping
udemy certificate course,education
sunglasses delivery meesho,shopping
uber eats order sandwich,food
zomato order sushi,food
roti restaurant,food
airbnb stay dubai,travel
new keyboard order,technology
new hard disk order,technology
bus ticket bangkok,travel
sandwich street food,food
lunch cafe,food
cab hyderabad outstation,travel
ipad upgrade,technology
canteen sushi,food
ordered clothes flipkart,shopping
shoes store,shopping
airpods purchase reliance digital,technology
canteen tacos,food
pen drive purchase reliance digital,technology
laptop purchase croma,technology
bsnl recharge,utilities
holiday package mumbai,travel
ordered pasta online,food
new smartphone order,technology
chai snacks,food
chicken street food,food
karaoke night out,entertainment
breakfast food court,food
clinic doctor consultation,health
new charger order,technology
hotel stay mumbai,travel
airbnb stay hyderabad,travel
gadgets purchase snapdeal,shopping
dunzo order burger,food
ordered toys meesho,shopping
monthly bus pass,transport
cable repair service,technology
gadgets purchase nykaa,shopping
clothes delivery meesho,shopping
visa fee manali,travel
bought charger,technology
laptop purchase amazon,technology
apple store tech purchase,technology
youtube premium plan,entertainment
dosa street food,food
prepaid lpg recharge,utilities
airbnb stay mumbai,travel
institute course fee,education
lunch dhaba,food
spotify subscription yearly,entertainment
twitch subscription annual,entertainment
monthly dth charge,utilities
bought earphones,technology
train booking goa,travel
biryani restaurant,food
movie ticket inox,entertainment
clothes purchase flipkart,shopping
gas cylinder bill payment,utilities
airpods accessories,technology
diesel refill pump,transport
airbnb stay london,travel
amusement park entry,entertainment
cab london outstation,travel
tiffin service,food
prepaid electricity recharge,utilities
bought clothes online,shopping
charger purchase reliance digital,technology
router upgrade,technology
playstation gaming purchase,entertainment
prepaid gas cylinder recharge,utilities
bought router,technology
flight ticket london,travel
hotstar subscription monthly,entertainment
coaching class english,education
train booking singapore,travel
jio recharge,utilities
books purchase snapdeal,shopping
ordered home decor ajio,shopping
flight ticket bangkok,travel
salad takeaway,food
phone purchase amazon,technology
nykaa online shopping,shopping
bangalore trip travel,travel
visa fee singapore,travel
bowling alley game,entertainment
airpods purchase samsung,technology
software adobe subscription,technology
bus ticket hyderabad,travel
charger purchase apple store,technology
mobile gaming purchase,entertainment
outlet shopping haul,shopping
bought laptop,technology
zee5 subscription yearly,entertainment
mouse purchase apple store,technology
books market,shopping
blood test lab,health
care doctor consultation,health
cab to airport,transport
dth bill payment,utilities
paid water bill,utilities
dinner hotel,food
cab to home,transport
visa fee goa,travel
grocery reliance fresh,food
bought airpods,technology
bought supplements,health
prepaid internet recharge,utilities
train booking mumbai,travel
gas cylinder dues payment,utilities
shoes delivery nykaa,shopping
flipkart online shopping,shopping
ordered shoes meesho,shopping
pc gaming purchase,entertainment
new ipad order,technology
accessories delivery myntra,shopping
institute tuition fee,education
bus ticket kerala,travel
shoes delivery meesho,shopping
ordered clothes myntra,shopping
ordered chicken online,food
rice takeaway,food
semester coaching fee,education
ordered electronics meesho,shopping
bought accessories online,shopping
skillshare subscription learning,education
iphone accessories,technology
electricity bill payment,utilities
roti takeaway,food
bought electronics online,shopping
netflix subscription monthly,entertainment
bought paneer,food
toll plaza charges,transport
mall shopping haul,shopping
apple tv subscription yearly,entertainment
bags delivery nykaa,shopping
thyroid medical test,health
pen drive accessories,technology
bought snacks biscuits,food
uber eats order pasta,food
cab to college,transport
pasta street food,food
airtel recharge,utilities
train booking delhi,travel
cng refill pump,transport
new router order,technology
uber eats order biryani,food
amazon prime subscription annual,entertainment
ajio online shopping,shopping
gifts delivery ajio,shopping
ordered bags amazon,shopping
eye checkup fortis,health
bus ticket shimla,travel
laptop accessories,technology
bought pen drive college,education
software microsoft office subscription,technology
dosa takeaway,food
coursera subscription learning,education
monitor purchase amazon,technology
paid wifi bill,utilities
university tuition fee,education
train booking shimla,travel
canteen noodles,food
cable upgrade,technology
exam registration fee,education
books purchase ajio,shopping
phone accessories,technology
new laptop order,technology
sale shopping toys,shopping
act recharge,utilities
delhi trip travel,travel
coursera certificate course,education
swiggy order salad,food
bought shoes online,shopping
ordered toys amazon,shopping
holiday package bangkok,travel
monthly electricity charge,utilities
ordered watches meesho,shopping
bought iphone,technology
swiggy order burger,food
smartphone repair service,technology
ordered salad online,food
bangkok trip travel,travel
monthly lpg charge,utilities
linkedin learning certificate course,education
hotel stay bangalore,travel
accessories delivery flipkart,shopping
cab delhi outstation,travel
youtube subscription annual,entertainment
coaching class data science,education
sandwich restaurant,food
cable tv bill payment,utilities
flight ticket mumbai,travel
holiday package goa,travel
ordered sandwich online,food
college tuition fee,education
electricity dues payment,utilities
ordered shoes snapdeal,shopping
tacos street food,food
mri medical test,health
croma tech purchase,technology
flight ticket delhi,travel
sunglasses delivery amazon,shopping
sonyliv premium plan,entertainment
blood medical test,health
netflix premium plan,entertainment
ordered sunglasses meesho,shopping
prepaid water recharge,utilities
bags purchase meesho,shopping
canteen pizza,food
bus ticket goa,travel
gadgets delivery flipkart,shopping
grocery bigbasket,food
zee5 subscription monthly,entertainment
visa fee london,travel
earphones purchase amazon,technology
vehicle service,transport
pizza restaurant,food
apple tv subscription monthly,entertainment
burger street food,food
watches delivery ajio,shopping
monthly internet charge,utilities
router accessories,technology
idli takeaway,food
ipad purchase croma,technology
cable accessories,technology
bought notebooks college,education
meru bike taxi,transport
hotel stay manali,travel
monitor upgrade,technology
health insurance premium,health
bought sunglasses online,shopping
hospital followup,health
bought mouse,technology
skillshare certificate course,education
youtube subscription yearly,entertainment
hotel stay kerala,travel
dunzo order idli,food
hard disk purchase croma,technology
bought bags online,shopping
bought keyboard,technology
home decor delivery ajio,shopping
canteen roti,food
pizza takeaway,food
shoes purchase ajio,shopping
calculator study material,education
bought stationery college,education
blood test diagnostic center,health
online game mobile,entertainment
flight ticket shimla,travel
ola bike taxi,transport
chicken restaurant,food
mumbai trip travel,travel
ipad purchase reliance digital,technology
apollo dentist visit,health
monthly wifi charge,utilities
eye checkup apollo,health
cab shimla outstation,travel
canteen sandwich,food
new mouse order,technology
ordered books snapdeal,shopping
train booking london,travel
accessories purchase amazon,shopping
indrive cab ride,transport
dubai trip travel,travel
smartphone upgrade,technology
clothes delivery snapdeal,shopping
zomato order idli,food
laptop upgrade,technology
airbnb stay shimla,travel
sale shopping books,shopping
pen drive study material,education
monitor purchase samsung,technology
hospital emergency,health
canteen rice,food
xray medical test,health
prepaid wifi recharge,utilities
cable purchase samsung,technology
iphone upgrade,technology
ordered electronics snapdeal,shopping
salad restaurant,food
snapdeal online shopping,shopping
college course fee,education
mouse purchase amazon,technology
keyboard repair service,technology
train booking hyderabad,travel
clothes delivery amazon,shopping
discord premium plan,entertainment
bought calculator college,education
care dentist visit,health
online game pc,entertainment
monitor repair service,technology
dinner restaurant,food
canteen idli,food
bought cable,technology
bus pass weekly,transport
ordered roti online,food
software antivirus subscription,technology
bought books online,shopping
train booking manali,travel
hospital consultation,health
hotstar premium plan,entertainment
clothes outlet,shopping
electronics outlet,shopping
online game playstation,entertainment
iphone purchase reliance digital,technology
lunch food court,food
swiggy order dosa,food
zomato order roti,food
fortis doctor consultation,health
tata sky recharge,utilities
cab dubai outstation,travel
keyboard purchase samsung,technology
holiday package dubai,travel
bought rice dal,food
pen drive purchase samsung,technology
ordered idli online,food
train booking kerala,travel
bought pen drive,technology
ordered burger online,food
holiday package hyderabad,travel
charger repair service,technology
mobile postpaid bill payment,utilities
comedy show ticket,entertainment
tacos takeaway,food
bought gifts online,shopping
watches delivery meesho,shopping
swiggy order rice,food
ordered sushi online,food
netflix subscription annual,entertainment
mess fee payment,food
bus ticket london,travel
router purchase reliance digital,technology
ecg medical test,health
tablet purchase apple store,technology
sports match ticket,entertainment
ordered books nykaa,shopping
monthly cable tv charge,utilities
hyderabad trip travel,travel
bought monitor,technology
holiday package bangalore,travel
university course fee,education
hotel stay london,travel
train ticket station,transport
paid broadband bill,utilities
movie ticket pvr,entertainment
books study material,education
petrol refill pump,transport
dinner canteen,food
udemy subscription learning,education
sale shopping electronics,shopping
cab singapore outstation,travel
hard disk repair service,technology
watches delivery nykaa,shopping
water bill payment,utilities
pen drive upgrade,technology
new airpods order,technology
pharmacy tablets,health
dinner food court,food
dunzo food delivery,food
monitor purchase croma,technology
ipad purchase amazon,technology
amazon tech purchase,technology
ordered rice online,food
lpg bill payment,utilities
dunzo order rice,food
kerala trip travel,travel
holiday package delhi,travel
keyboard upgrade,technology
gifts delivery meesho,shopping
laptop purchase apple store,technology
movie ticket multiplex,entertainment
coaching class science,education
uber eats order roti,food
online game steam,entertainment
ordered tacos online,food
ordered gadgets nykaa,shopping
chicken takeaway,food
train booking bangalore,travel
ola cab ride,transport
internet dues payment,utilities
bus ticket manali,travel
hotel stay shimla,travel
hotel stay goa,travel
smartphone accessories,technology
market shopping haul,shopping
bags market,shopping
hathway recharge,utilities
mouse purchase croma,technology
mouse repair service,technology
cab mumbai outstation,travel
airpods purchase amazon,technology
spotify premium plan,entertainment
toys store,shopping
monitor purchase apple store,technology
ordered pizza online,food
paid gas cylinder bill,utilities
paid internet bill,utilities
rice restaurant,food
biryani takeaway,food
xbox gaming purchase,entertainment
grocery dmart,food
travel insurance,travel
sale shopping accessories,shopping
toys delivery snapdeal,shopping
indrive bike taxi,transport
ipad accessories,technology
flight ticket booking,transport
prepaid broadband recharge,utilities
paid cable tv bill,utilities
laptop repair service,technology
sale shopping watches,shopping
manali trip travel,travel
accessories mall,shopping
ordered sunglasses nykaa,shopping
train ticket booking,transport
breakfast canteen,food
electronics delivery snapdeal,shopping
ipad repair service,technology
holiday package london,travel
keyboard purchase amazon,technology
store shopping haul,shopping
breakfast hotel,food
youtube subscription monthly,entertainment
keyboard purchase reliance digital,technology
concert live ticket,entertainment
dinner cafe,food
pasta takeaway,food
dunzo order noodles,food
bought books college,education
new monitor order,technology
reliance digital tech purchase,technology
train booking dubai,travel
mouse accessories,technology
cable purchase amazon,technology
visa fee hyderabad,travel
earphones upgrade,technology
gifts outlet,shopping
cab to station,transport
wifi dues payment,utilities
